position, company, Location, URL
라인프렌즈[IPX] 2022년 각 부문 수시의 전체 세부 정보,IPX, 서울 용산구,https://kr.indeed.com/rc/clk?jk=1015284880e2ff62&fccid=e6548a8408f0612b&vjs=3
[양재역] 데이터분석(석박사급 R Python Matlab)의 전체 세부 정보,시니어앤파트너즈, 서울 서초구,https://kr.indeed.com/rc/clk?jk=ce71e040d5a36470&fccid=59060ddcdf96b101&vjs=3
[NAVER Z] Monetization & Data Analysis (계약직)의 전체 세부 정보,네이버제트, 성남 분당구,https://kr.indeed.com/rc/clk?jk=c5291af09bb5d877&fccid=bc34e4450e078d19&vjs=3
[ICT] Data Scientist - 자연어처리[매니저]의 전체 세부 정보,현대자동차그룹, 대한민국,https://kr.indeed.com/rc/clk?jk=cf99a4662ad1c936&fccid=980d6ecc399a3373&vjs=3
2023년도 1차 직원의 전체 세부 정보,한국고용정보원, 충청북도 음성,https://kr.indeed.com/rc/clk?jk=a7ac651b6dd863e0&fccid=0efa3bc2d14a4a9e&vjs=3
2023년도 1차 직원의 전체 세부 정보,한국고용정보원, 충청북도 음성,https://kr.indeed.com/rc/clk?jk=a7ac651b6dd863e0&fccid=0efa3bc2d14a4a9e&vjs=3
[선릉역] 데이터분석(석박사급 Matlab Python)의 전체 세부 정보,시니어앤파트너즈, 서울 강남구,https://kr.indeed.com/rc/clk?jk=abe530ab20423080&fccid=59060ddcdf96b101&vjs=3
딥러닝 영상 인식 Researcher의 전체 세부 정보,앤씨앤, 성남 분당구,https://kr.indeed.com/rc/clk?jk=ef349527eaafb014&fccid=e0ebb3045283ebe8&vjs=3
C# S/W 개발자 or Python 응용 S/W 개발(사원주임대리과장의 전체 세부 정보,제스엔지니어링, 서울 금천구,https://kr.indeed.com/rc/clk?jk=26ca4ab29d6cfb79&fccid=0f2f8141103a3f4e&vjs=3
데이터 엔지니어 영입의 전체 세부 정보,카카오페이증권, 성남 분당구,https://kr.indeed.com/rc/clk?jk=84a74d37ca85cda7&fccid=8774314ead916c49&vjs=3
OpenCV/MATLAB/TensorFlow/Python/C/C++/Linux 알고리즘 엔지니어의 전체 세부 정보,더마미러, 서울 서초구,https://kr.indeed.com/rc/clk?jk=37828a9f8123595d&fccid=f401a9b533c97602&vjs=3
OpenCV/MATLAB/TensorFlow/Python/C/C++/Linux 알고리즘 엔지니어의 전체 세부 정보,더마미러, 서울 서초구,https://kr.indeed.com/rc/clk?jk=37828a9f8123595d&fccid=f401a9b533c97602&vjs=3
[신입]백엔드 개발자의 전체 세부 정보,엘리스, 서울 강남구,https://kr.indeed.com/rc/clk?jk=b49175f39df025f6&fccid=b00d4b329a5fe2ac&vjs=3
INTERN / AI Research Intern(Biology)의 전체 세부 정보,카카오브레인, 성남 분당구,https://kr.indeed.com/rc/clk?jk=4c8d6ffc493b6509&fccid=cba3dd38afc6edb8&vjs=3
백엔드 개발자(Python)의 전체 세부 정보,NHN DATA, 성남 판교역,https://kr.indeed.com/rc/clk?jk=e764b919165b8d3e&fccid=cc378bd7bc831eca&vjs=3
[정규직 / 역세권] Python 개발자의 전체 세부 정보,키온비트, 서울 강남구,https://kr.indeed.com/rc/clk?jk=d99a17784602a771&fccid=9a888c50ca3f400a&vjs=3
위시켓과 함께할 서버개발자님의 전체 세부 정보,위시켓, 서울 강남구,https://kr.indeed.com/rc/clk?jk=a3a65a4d59061430&fccid=533c91503ff32d48&vjs=3
위시켓과 함께할 서버개발자님의 전체 세부 정보,위시켓, 서울 강남구,https://kr.indeed.com/rc/clk?jk=a3a65a4d59061430&fccid=533c91503ff32d48&vjs=3
2023 Software Engineering Intern의 전체 세부 정보,Google, 서울,https://kr.indeed.com/rc/clk?jk=495da9eebc1b719f&fccid=a5b4499d9e91a5c6&vjs=3
웹개발  Python 외 신입/경력의 전체 세부 정보,인생식당, 천안 서북구,https://kr.indeed.com/rc/clk?jk=77f8a0ab6137163f&fccid=a9f3a2bebd34c3c4&vjs=3
[선릉역] 데이터 신호처리(석박사급 MatLab Python)의 전체 세부 정보,시니어앤파트너즈, 서울 강남구,https://kr.indeed.com/rc/clk?jk=7c751b226ddb504c&fccid=59060ddcdf96b101&vjs=3
주니어 디벨로퍼(Junior Developer) (경력 무관)의 전체 세부 정보,트레져러, 서울 강남구,https://kr.indeed.com/rc/clk?jk=d92eeff78838e652&fccid=e7b19a98be207a44&vjs=3
파이썬(python) 백엔드 개발자 (전문연구요원/산업기능요원 가능)의 전체 세부 정보,아토머스, 서울 강남구,https://kr.indeed.com/rc/clk?jk=240326a26bd13bf2&fccid=660bbb21789ab63d&vjs=3
파이썬(python) 백엔드 개발자 (전문연구요원/산업기능요원 가능)의 전체 세부 정보,아토머스, 서울 강남구,https://kr.indeed.com/rc/clk?jk=240326a26bd13bf2&fccid=660bbb21789ab63d&vjs=3
Infra Engineering의 전체 세부 정보,기아, 서울 서초구,https://kr.indeed.com/rc/clk?jk=361d42ddd7495b1d&fccid=4407ef3f1668028b&vjs=3
[K디지털 트레이닝] 전액 국비지원 IT취업연계 교육 빅데이터  인공지능의 전체 세부 정보,중앙정보처리학원, 서울 마포구,https://kr.indeed.com/rc/clk?jk=8eb2784e62502c5f&fccid=2f25bb139639ef63&vjs=3
대전 소프트웨어 개발자 (Springboot 추천시스템 빅데이터 Python jsp)의 전체 세부 정보,이에프, 대전 유성구,https://kr.indeed.com/rc/clk?jk=25c30697c8764be8&fccid=900c41cfb3813d9f&vjs=3
3D 비전 Researcher의 전체 세부 정보,앤씨앤, 성남 분당구,https://kr.indeed.com/rc/clk?jk=1ebd1458d856d96f&fccid=e0ebb3045283ebe8&vjs=3
딥러닝 AI 개발 연구원의 전체 세부 정보,베이리스, 성남 수정구,https://kr.indeed.com/rc/clk?jk=87309d3ff40ead61&fccid=ce871e9e4a9f430a&vjs=3
딥러닝 AI 개발 연구원의 전체 세부 정보,베이리스, 성남 수정구,https://kr.indeed.com/rc/clk?jk=87309d3ff40ead61&fccid=ce871e9e4a9f430a&vjs=3
클라우드 솔루션 아키텍트[연구원  책임연구원]의 전체 세부 정보,현대자동차그룹, 대한민국,https://kr.indeed.com/rc/clk?jk=5859b13c42854f95&fccid=980d6ecc399a3373&vjs=3
HR데이터 분석 (People Analytics)[매니저  책임매니저]의 전체 세부 정보,현대자동차그룹, 대한민국,https://kr.indeed.com/rc/clk?jk=40c2e6d8ddd57c0f&fccid=980d6ecc399a3373&vjs=3
빅데이터연구부 신입/경력직의 전체 세부 정보,테라젠바이오, 성남 분당구,https://kr.indeed.com/rc/clk?jk=c3278f69cf2da442&fccid=b3f542232194f2f7&vjs=3
파이썬 개발자 초중급 이상의 전체 세부 정보,데이터앤솔루션, 서울 서초구,https://kr.indeed.com/rc/clk?jk=d158e683dc0b7500&fccid=02f32b94107c54e3&vjs=3
데이터 사이언티스트의 전체 세부 정보,카카오모빌리티, 성남 분당구,https://kr.indeed.com/rc/clk?jk=c3d2e48f263ed74c&fccid=48cc3743ba47cc6e&vjs=3
데이터 사이언티스트의 전체 세부 정보,카카오모빌리티, 성남 분당구,https://kr.indeed.com/rc/clk?jk=c3d2e48f263ed74c&fccid=48cc3743ba47cc6e&vjs=3
Student Researcher  PhD  2023의 전체 세부 정보,Google, 서울,https://kr.indeed.com/rc/clk?jk=a078d9395f376ccd&fccid=a5b4499d9e91a5c6&vjs=3
그룹공동 마이데이터 분석 플랫폼(데이터분석가)의 전체 세부 정보,KB데이타시스템, 서울 마포구,https://kr.indeed.com/rc/clk?jk=25b3c3e6a66bd77c&fccid=fe227fbd2afb9580&vjs=3
빅데이터  데이터분석 외 신입/경력의 전체 세부 정보,디큐월드 유한회사, 서울 강남구,https://kr.indeed.com/rc/clk?jk=a927cc5353e06ae9&fccid=dd616958bd9ddc12&vjs=3
Data Engineering의 전체 세부 정보,기아, 서울 서초구,https://kr.indeed.com/rc/clk?jk=3dd64cf3cd49bd12&fccid=4407ef3f1668028b&vjs=3
빅데이터 학습/관리/분석의 전체 세부 정보,앤씨앤, 성남 분당구,https://kr.indeed.com/rc/clk?jk=c6ebfea478b5cecf&fccid=e0ebb3045283ebe8&vjs=3
빅데이터 학습/관리/분석의 전체 세부 정보,앤씨앤, 성남 분당구,https://kr.indeed.com/rc/clk?jk=c6ebfea478b5cecf&fccid=e0ebb3045283ebe8&vjs=3
고객/차량 데이터 서비스 기획 (Data Service Planner)의 전체 세부 정보,기아, 서울 서초구,https://kr.indeed.com/rc/clk?jk=237c6ab79d69e6fc&fccid=4407ef3f1668028b&vjs=3
[외국계 스타트업 미소] Business Analyst Intern (정규직 전환형)의 전체 세부 정보,유한회사 미소, 서울,https://kr.indeed.com/rc/clk?jk=4c25d6649f8434a8&fccid=02936474a8d39137&vjs=3
[Data Analytics팀] DA분석컨설팅 직무의 전체 세부 정보,롯데정보통신, 서울,https://kr.indeed.com/rc/clk?jk=02b304efa2942c61&fccid=ae6a0ecfe23adfb7&vjs=3
[HYBE] 데이터분석 (Data Engineer)의 전체 세부 정보,하이브, 서울 용산구,https://kr.indeed.com/rc/clk?jk=cfd5fd0054a716c1&fccid=55c46c15186153ee&vjs=3
[마블러스] 백엔드 개발자 주니어/시니어의 전체 세부 정보,마블러스, 대한민국,https://kr.indeed.com/rc/clk?jk=0dad27533fee10c3&fccid=471224a0399e2888&vjs=3
[마블러스] 백엔드 개발자 주니어/시니어의 전체 세부 정보,마블러스, 대한민국,https://kr.indeed.com/rc/clk?jk=0dad27533fee10c3&fccid=471224a0399e2888&vjs=3
[포티투마루] 인공지능(AI) 개발자 전 부문의 전체 세부 정보,포티투마루, 서울 서초구,https://kr.indeed.com/rc/clk?jk=22ffe020e40de675&fccid=b6cebf2e7d619f07&vjs=3
데이터마이닝  인공지능(AI) 외 경력의 전체 세부 정보,루벤티스, 서울 강남구,https://kr.indeed.com/rc/clk?jk=da437cb9cae31254&fccid=0513ee429c38f237&vjs=3
Data Scientist - 전기차 데이터 분석 모델 개발의 전체 세부 정보,기아, 서울 서초구,https://kr.indeed.com/rc/clk?jk=9906b232fe956c33&fccid=4407ef3f1668028b&vjs=3
2023 Software Engineering Intern의 전체 세부 정보,구글코리아, 서울 강남구,https://kr.indeed.com/rc/clk?jk=f39b555cc7884faa&fccid=28712efe9a7c8d8a&vjs=3
시스템 소프트웨어 개발자의 전체 세부 정보,엔엔에프텍, 대전 유성구,https://kr.indeed.com/rc/clk?jk=1ee984df24c9b655&fccid=0bc1a738fffb2e25&vjs=3
시스템 소프트웨어 개발자의 전체 세부 정보,엔엔에프텍, 대전 유성구,https://kr.indeed.com/rc/clk?jk=1ee984df24c9b655&fccid=0bc1a738fffb2e25&vjs=3
로봇소프트웨어개발자 신입/경력의 전체 세부 정보,마젠타로보틱스, 대전 유성구,https://kr.indeed.com/rc/clk?jk=b4391a1dffad2b16&fccid=bd531d5a4d3825d6&vjs=3
Software Engineer - Python and K8s의 전체 세부 정보,Canonical - Jobs, 서울,https://kr.indeed.com/rc/clk?jk=9e154b5b00d09b31&fccid=3911cf63fc0692f4&vjs=3
백엔드 엔지니어 (Python/Javascript)의 전체 세부 정보,시스메틱, 서울 영등포구,https://kr.indeed.com/rc/clk?jk=dc4b5e342e7ae6a0&fccid=6cc748c560420a2e&vjs=3
Associate Consultant Intern의 전체 세부 정보,Mastercard, 서울,https://kr.indeed.com/rc/clk?jk=acf53a07a0c4d06f&fccid=10b5c722d846df43&vjs=3
백엔드 개발자(인턴십)의 전체 세부 정보,액스, 서울 서초구,https://kr.indeed.com/rc/clk?jk=b7223c792bfcbcd4&fccid=5013eca338141e7d&vjs=3
백엔드 개발자(인턴십)의 전체 세부 정보,액스, 서울 서초구,https://kr.indeed.com/rc/clk?jk=b7223c792bfcbcd4&fccid=5013eca338141e7d&vjs=3
Data Engineer (Analytics)의 전체 세부 정보,비바리퍼블리카, 서울 강남구,https://kr.indeed.com/rc/clk?jk=fe2492dd5c3903a5&fccid=17dc934b27d58446&vjs=3
[외국계상장사]데이터분석가(Data Analyst)의 전체 세부 정보,인코리아 프로페셔널, 서울 강남구,https://kr.indeed.com/rc/clk?jk=7ad982fec3792221&fccid=842365965c1f45a0&vjs=3
데이터분석가(Global)의 전체 세부 정보,RIDI Corp, 서울,https://kr.indeed.com/rc/clk?jk=19b8de1e98be9c18&fccid=ba4215b904dee414&vjs=3
Data Scientist의 전체 세부 정보,Toss, 서울,https://kr.indeed.com/rc/clk?jk=9cb8324539546a71&fccid=18c4935c8ec646d5&vjs=3
자율 주행  로봇 SW 개발자의 전체 세부 정보,에바, 성남 수정구,https://kr.indeed.com/rc/clk?jk=e30fe92d72ceb17c&fccid=5cc87f5890bd7170&vjs=3
자율 주행  로봇 SW 개발자의 전체 세부 정보,에바, 성남 수정구,https://kr.indeed.com/rc/clk?jk=e30fe92d72ceb17c&fccid=5cc87f5890bd7170&vjs=3
T아카데미 ASAC 2기 교육생 [빅데이터 분석/ 웹풀스택 개발]의 전체 세부 정보,SK플래닛 Tacademy, 서울 마포구,https://kr.indeed.com/rc/clk?jk=d28829d5b0b4fb66&fccid=c29e5daceb008fd3&vjs=3
[선릉역] 서버개발 백엔드(앱 웹 AWS Python)의 전체 세부 정보,시니어앤파트너즈, 서울 강남구,https://kr.indeed.com/rc/clk?jk=6b3af889d8cf4d89&fccid=59060ddcdf96b101&vjs=3
응용 소프트웨어 개발자의 전체 세부 정보,앤씨앤, 성남 분당구,https://kr.indeed.com/rc/clk?jk=7c3c025c8bb0b3f3&fccid=e0ebb3045283ebe8&vjs=3
자율주행 제어 엔지니어의 전체 세부 정보,앤씨앤, 성남 분당구,https://kr.indeed.com/rc/clk?jk=6665bb3fbe619231&fccid=e0ebb3045283ebe8&vjs=3
2023년도 제1차 직원 (긴급) (연장) (마감: 2023.2.5. 24:00)의 전체 세부 정보,한전기술서비스, 경상북도 김천,https://kr.indeed.com/rc/clk?jk=138057dc1c910d6b&fccid=c558c1009731b93b&vjs=3
2023년도 제1차 직원 (긴급) (연장) (마감: 2023.2.5. 24:00)의 전체 세부 정보,한전기술서비스, 경상북도 김천,https://kr.indeed.com/rc/clk?jk=138057dc1c910d6b&fccid=c558c1009731b93b&vjs=3
[그린랩스파이낸셜] DBA (Database Administration)의 전체 세부 정보,그린랩스, 서울 송파구,https://kr.indeed.com/rc/clk?jk=564e0ddaeee0144f&fccid=feeacbc1377594e2&vjs=3
데이터 관련 컨설턴트 및 개발자의 전체 세부 정보,공감데이터, 세종특별자치시 세종,https://kr.indeed.com/rc/clk?jk=34d05631a7924cc9&fccid=1a1c8f742892a9aa&vjs=3
[위메프서비스] Data Analyst의 전체 세부 정보,위메프, 대한민국,https://kr.indeed.com/rc/clk?jk=4d97a642f3075204&fccid=2f8799a5ef214646&vjs=3
Web System(JSP  Srping)  APP Platform 개발의 전체 세부 정보,망고트리, 부산 해운대구,https://kr.indeed.com/rc/clk?jk=c88acaa83d76aee2&fccid=a15cbcf29ce63b9b&vjs=3
Business Data Analyst의 전체 세부 정보,AIA, 서울,https://kr.indeed.com/rc/clk?jk=b8c69b58bc3fe70c&fccid=004041685e219574&vjs=3
Business Data Analyst의 전체 세부 정보,AIA, 서울,https://kr.indeed.com/rc/clk?jk=b8c69b58bc3fe70c&fccid=004041685e219574&vjs=3
웹개발  백엔드 외 신입/경력 정규직의 전체 세부 정보,코인챗, 서울 강남구,https://kr.indeed.com/rc/clk?jk=e3f3b7e2103d9bc7&fccid=e60f835b4d91f8e6&vjs=3
소프트웨어(SW) 개발자의 전체 세부 정보,인포라드, 고양 일산동구,https://kr.indeed.com/rc/clk?jk=6bed744869cb356b&fccid=59cb5b061fcfbff2&vjs=3
웹개발  백엔드 외 경력 정규직의 전체 세부 정보,아이티엔제이, 울산 남구,https://kr.indeed.com/rc/clk?jk=7dbaa95d22eacd29&fccid=e2652b7e13d4cb4d&vjs=3
부문별 직원의 전체 세부 정보,경복대학교, 경기도 포천,https://kr.indeed.com/rc/clk?jk=7d02cc2c10a4ef52&fccid=36475830c3fcd0b5&vjs=3
[외국계 스타트업 미소] Data Analyst의 전체 세부 정보,유한회사 미소, 서울,https://kr.indeed.com/rc/clk?jk=ec5c7ccd76639120&fccid=02936474a8d39137&vjs=3
[외국계 스타트업 미소] Data Analyst의 전체 세부 정보,유한회사 미소, 서울,https://kr.indeed.com/rc/clk?jk=ec5c7ccd76639120&fccid=02936474a8d39137&vjs=3
딥러닝 신입/경력 정규직의 전체 세부 정보,어밸브, 서울 서초구,https://kr.indeed.com/rc/clk?jk=071c8d5b9ced8e9d&fccid=90e59c5d7146f2da&vjs=3
High Touch Engineer (Full Time) - Korea의 전체 세부 정보,Cisco Systems, 서울,https://kr.indeed.com/rc/clk?jk=c700706bc678eeed&fccid=dfc44f3b8c44a6db&vjs=3
[AI Lab] AI Assistant 자연어이해 모델 연구/개발자 영입의 전체 세부 정보,카카오엔터프라이즈, 성남 분당구,https://kr.indeed.com/rc/clk?jk=ac3bc0465977b363&fccid=e19aa33fc391b310&vjs=3
웹 개발자 경력 Java/Php/Javascript/Python/Html/CSS 등 프로젝트 경력자의 전체 세부 정보,바이오브레인, 대전 서구,https://kr.indeed.com/rc/clk?jk=941687b6bbb14d81&fccid=a3e2170fc2a54ba6&vjs=3
빅데이터 분석 및 컨설팅 / AI 솔루션 개발/ 웹 앱서비스 개발의 전체 세부 정보,데이터에듀, 부산 해운대구,https://kr.indeed.com/rc/clk?jk=83f1186a88a104a4&fccid=a58b762cb987fe80&vjs=3
빅데이터 분석 및 컨설팅 / AI 솔루션 개발/ 웹 앱서비스 개발의 전체 세부 정보,데이터에듀, 부산 해운대구,https://kr.indeed.com/rc/clk?jk=83f1186a88a104a4&fccid=a58b762cb987fe80&vjs=3
Senior Open Source Developer & DevOps (Python  Django  React  AWS/OpenStack),OpenCraft, Anywhere in the World,https://weworkremotely.com/remote-jobs/opencraft-senior-open-source-developer-devops-python-django-react-aws-openstack
Senior Python Engineer: Long-term job - 100% remote,Proxify AB, Anywhere in the World,https://weworkremotely.com/remote-jobs/proxify-ab-senior-python-engineer-long-term-job-100-remote
Python Developer,lemon.io, Latin America Only/Europe Only/Canada Only,https://weworkremotely.com/remote-jobs/lemon-io-python-developer-3
(Senior) Python Full Stack Software Developer,Optimile, Europe Only,https://weworkremotely.com/remote-jobs/optimile-senior-python-full-stack-software-developer
Senior Full-stack Engineer with Python,NannyML, Anywhere in the World,https://weworkremotely.com/remote-jobs/nannyml-senior-full-stack-engineer-with-python
Python Developer,Input Logic, Canada Only,https://weworkremotely.com/remote-jobs/input-logic-python-developer
Python Engineer (Web Scraping),Shake, Anywhere in the World,https://weworkremotely.com/remote-jobs/shake-python-engineer-web-scraping
Senior Software Engineer  Python,AssemblyAI (YC 17), Anywhere in the World,https://weworkremotely.com/remote-jobs/assemblyai-yc-17-senior-software-engineer-python
Python Platform Engineer,Doximity, Americas Only,https://weworkremotely.com/remote-jobs/doximity-python-platform-engineer
Développeur(e) de Python & Golang | Python & Golang Developer (Kubernetes),VEXXHOST  Inc., Anywhere in the World,https://weworkremotely.com/remote-jobs/vexxhost-inc-developpeur-e-de-python-golang-python-golang-developer-kubernetes
Software Engineer in Test – Python – Cyprus  Greece or Remote ,XM, Anywhere in the World,https://weworkremotely.com/remote-jobs/xm-software-engineer-in-test-python-cyprus-greece-or-remote-1
